0,2021-03-15 19:02:18,1615809738.4518762,42.8
0,2021-03-15 19:02:24,1615809744.262947,42.8
0,2021-03-15 19:02:31,1615809751.5011158,42.1
0,2021-03-15 19:02:36,1615809756.4511528,42.1
0,2021-03-15 19:02:44,1615809764.181924,42.1
0,2021-03-15 19:02:48,1615809768.509269,42.1
0,2021-03-15 19:02:53,1615809773.716094,42.1
0,2021-03-15 19:02:59,1615809779.804178,42.1
0,2021-03-15 19:03:04,1615809784.539017,42.1
0,2021-03-15 19:03:08,1615809788.81719,42.1
0,2021-03-15 19:03:12,1615809792.6411479,42.1
0,2021-03-15 19:03:16,1615809796.8237,42.1
0,2021-03-15 19:03:22,1615809802.135159,41.5
0,2021-03-15 19:03:26,1615809806.341751,42.1
0,2021-03-15 19:03:35,1615809815.8920698,41.5
0,2021-03-15 19:03:40,1615809820.0727592,41.5
0,2021-03-15 19:03:44,1615809824.1038458,41.5
0,2021-03-15 19:03:48,1615809828.7155352,41.5
0,2021-03-15 19:06:30,1615809990.347708,40.5
0,2021-03-15 19:09:15,1615810155.481004,41.5
0,2021-03-15 19:11:51,1615810311.9521332,41.9
0,2021-03-15 19:11:55,1615810315.7337759,41.9
0,2021-03-15 19:11:59,1615810319.8749728,41.9
0,2021-03-15 19:12:03,1615810323.678464,41.9
0,2021-03-15 19:12:08,1615810328.095131,41.9
0,2021-03-15 19:12:15,1615810335.3498409,41.9
0,2021-03-15 19:12:20,1615810340.2711658,42.6
0,2021-03-15 19:12:24,1615810344.0812101,42.6
0,2021-03-15 19:12:30,1615810350.023656,42.6
0,2021-03-15 19:12:33,1615810353.708029,42.6
0,2021-03-15 19:12:37,1615810357.0046458,42.6
0,2021-03-15 19:12:40,1615810360.9881291,42.6
0,2021-03-15 19:12:46,1615810366.900228,42.6
0,2021-03-15 19:12:50,1615810370.6836538,42.6
0,2021-03-15 19:13:04,1615810384.6672971,42.6
0,2021-03-15 19:13:10,1615810390.223267,42.6
0,2021-03-15 19:13:21,1615810401.5492601,42.6
0,2021-03-15 19:13:33,1615810413.307841,43.0
0,2021-03-15 19:13:38,1615810418.000059,43.0
0,2021-03-15 19:13:42,1615810422.272156,43.0
0,2021-03-15 19:13:46,1615810426.3716962,43.0
0,2021-03-15 19:13:50,1615810430.497407,43.0
0,2021-03-15 19:13:56,1615810436.7497559,43.0
0,2021-03-15 19:14:00,1615810440.7207308,43.0
0,2021-03-15 19:14:04,1615810444.84228,43.0
0,2021-03-15 19:14:10,1615810450.9262779,42.9
0,2021-03-15 19:14:15,1615810455.118135,43.0
0,2021-03-15 19:14:21,1615810461.478878,43.0
0,2021-03-15 19:14:26,1615810466.990737,43.0
0,2021-03-15 19:14:32,1615810472.002995,43.0
0,2021-03-15 19:14:38,1615810478.815797,42.9
0,2021-03-15 19:14:43,1615810483.4185011,42.9
0,2021-03-15 19:14:48,1615810488.088715,42.9
0,2021-03-15 19:14:52,1615810492.6424792,42.9
0,2021-03-15 19:14:56,1615810496.5667899,42.9
0,2021-03-15 19:15:02,1615810502.03882,42.9
0,2021-03-15 19:15:07,1615810507.397578,42.9
0,2021-03-15 19:15:12,1615810512.137698,42.9
0,2021-03-15 19:15:16,1615810516.085501,42.3
0,2021-03-15 19:15:20,1615810520.164473,42.3
0,2021-03-15 19:15:24,1615810524.241793,42.3
0,2021-03-15 19:15:29,1615810529.297191,42.3
0,2021-03-15 19:15:34,1615810534.042202,42.3
0,2021-03-15 19:15:38,1615810538.6229498,42.3
0,2021-03-15 19:15:54,1615810554.235299,42.3
0,2021-03-15 19:15:58,1615810558.099442,42.3
0,2021-03-15 19:16:02,1615810562.29637,42.3
0,2021-03-15 19:16:06,1615810566.542631,42.3
0,2021-03-15 19:16:11,1615810571.627923,42.3
0,2021-03-15 19:16:21,1615810581.6700869,42.3
0,2021-03-15 19:16:27,1615810587.894367,42.3
0,2021-03-15 19:16:38,1615810598.9875531,42.3
0,2021-03-15 19:16:55,1615810615.409087,41.2
0,2021-03-15 19:17:00,1615810620.129445,41.2
0,2021-03-15 19:17:05,1615810625.1390889,41.2
0,2021-03-15 19:17:11,1615810631.785015,41.2
0,2021-03-15 19:17:17,1615810637.057996,41.1
0,2021-03-15 19:17:22,1615810642.865412,41.1
0,2021-03-15 19:17:28,1615810648.003519,41.1
0,2021-03-15 19:17:37,1615810657.136548,41.1
0,2021-03-15 19:17:47,1615810667.295281,41.1
0,2021-03-15 19:17:52,1615810672.012276,41.1
0,2021-03-15 19:17:58,1615810678.088222,41.1
0,2021-03-15 19:18:04,1615810684.463258,41.1
0,2021-03-15 19:18:13,1615810693.180064,41.1
0,2021-03-15 19:18:18,1615810698.4259782,41.1
0,2021-03-15 19:18:24,1615810704.222317,40.7
0,2021-03-15 19:18:29,1615810709.963281,40.7
0,2021-03-15 19:18:35,1615810715.427725,40.7
0,2021-03-15 19:18:43,1615810723.7596002,40.7
0,2021-03-15 19:19:00,1615810740.139041,40.7
0,2021-03-15 19:19:04,1615810744.592813,40.7
0,2021-03-15 19:19:08,1615810748.762084,40.7
0,2021-03-15 19:19:17,1615810757.1857479,40.7
0,2021-03-15 19:19:22,1615810762.041804,40.7
0,2021-03-15 19:19:26,1615810766.774239,40.8
0,2021-03-15 19:19:32,1615810772.8918989,40.8
0,2021-03-15 19:19:38,1615810778.036781,40.8
0,2021-03-15 19:19:42,1615810782.73554,40.8
0,2021-03-15 19:19:47,1615810787.0119958,40.8
0,2021-03-15 19:19:56,1615810796.6440609,40.8
0,2021-03-15 19:20:11,1615810811.9449978,40.8
0,2021-03-15 19:20:16,1615810816.420118,40.8
0,2021-03-15 19:20:24,1615810824.798879,40.8
0,2021-03-15 19:20:32,1615810832.9882162,41.0
0,2021-03-15 19:20:41,1615810841.07747,41.0
0,2021-03-15 19:20:45,1615810845.174645,41.0
0,2021-03-15 19:20:48,1615810848.962145,41.0
0,2021-03-15 19:20:52,1615810852.9163141,41.0
0,2021-03-15 19:21:01,1615810861.6796649,41.0
0,2021-03-15 19:21:05,1615810865.483969,41.0
0,2021-03-15 19:21:12,1615810872.391087,41.0
0,2021-03-15 19:21:26,1615810886.82191,41.0
0,2021-03-15 19:21:31,1615810891.359636,41.0
0,2021-03-15 19:21:36,1615810896.667976,40.9
0,2021-03-15 19:21:40,1615810900.734911,40.9
0,2021-03-15 19:21:44,1615810904.3067431,40.9
0,2021-03-15 19:21:47,1615810907.8856251,40.9
0,2021-03-15 19:21:54,1615810914.3391192,40.9
0,2021-03-15 19:21:58,1615810918.6985788,40.9
0,2021-03-15 19:22:07,1615810927.224052,40.9
0,2021-03-15 19:22:12,1615810932.678118,40.9
0,2021-03-15 19:22:15,1615810935.8804412,40.9
0,2021-03-15 19:22:22,1615810942.112651,40.9
0,2021-03-15 19:22:26,1615810946.229663,41.1
0,2021-03-15 19:22:30,1615810950.306036,41.1
0,2021-03-15 19:22:34,1615810954.1285062,41.1
0,2021-03-15 19:22:37,1615810957.949226,41.1
0,2021-03-15 19:22:41,1615810961.98092,41.1
0,2021-03-15 19:22:49,1615810969.362945,41.1
0,2021-03-15 19:22:56,1615810976.39416,41.1
0,2021-03-15 19:23:00,1615810980.2517152,41.1
0,2021-03-15 19:23:14,1615810994.973231,41.1
0,2021-03-15 19:23:25,1615811005.521936,41.5
0,2021-03-15 19:23:29,1615811009.138864,41.5
0,2021-03-15 19:23:39,1615811019.0401988,41.5
0,2021-03-15 19:23:45,1615811025.344998,41.5
0,2021-03-15 19:23:55,1615811035.092156,41.5
0,2021-03-15 19:23:59,1615811039.342666,41.5
0,2021-03-15 19:24:04,1615811044.086486,41.5
0,2021-03-15 19:24:10,1615811050.742547,41.5
0,2021-03-15 19:24:20,1615811060.308328,41.5
0,2021-03-15 19:24:28,1615811068.6161332,41.2
0,2021-03-15 19:24:33,1615811073.9119549,41.2
0,2021-03-15 19:24:40,1615811080.4707851,41.2
0,2021-03-15 19:24:45,1615811085.163595,41.2
0,2021-03-15 19:24:51,1615811091.496017,41.2
0,2021-03-15 19:24:55,1615811095.582595,41.2
0,2021-03-15 19:25:03,1615811103.3491,41.2
0,2021-03-15 19:25:07,1615811107.60164,41.2
0,2021-03-15 19:25:11,1615811111.980393,41.2
0,2021-03-15 19:25:16,1615811116.43291,42.2
0,2021-03-15 19:25:27,1615811127.986942,41.2
0,2021-03-15 19:25:32,1615811132.2183712,42.2
0,2021-03-15 19:25:36,1615811136.503826,42.2
0,2021-03-15 19:25:41,1615811141.450044,42.2
0,2021-03-15 19:25:49,1615811149.464215,42.2
0,2021-03-15 19:25:57,1615811157.5062919,42.2
0,2021-03-15 19:26:02,1615811162.740341,42.2
0,2021-03-15 19:26:10,1615811170.590581,42.2
0,2021-03-15 19:26:14,1615811174.867111,42.2
0,2021-03-15 19:26:21,1615811181.8737862,42.7
0,2021-03-15 19:26:26,1615811186.787943,42.7
0,2021-03-15 19:26:33,1615811193.307255,42.7
0,2021-03-15 19:26:37,1615811197.211968,42.7
0,2021-03-15 19:26:41,1615811201.6839218,42.7
0,2021-03-15 19:26:45,1615811205.984436,42.7
0,2021-03-15 19:26:51,1615811211.1858299,42.7
0,2021-03-15 19:26:55,1615811215.072747,42.7
0,2021-03-15 19:27:02,1615811222.195395,42.7
0,2021-03-15 19:27:06,1615811226.185538,42.7
0,2021-03-15 19:27:09,1615811229.457813,42.5
0,2021-03-15 19:27:13,1615811233.7336571,42.7
0,2021-03-15 19:27:18,1615811238.943302,42.7
0,2021-03-15 19:27:23,1615811243.9229262,42.5
0,2021-03-15 19:27:35,1615811255.37385,42.5
0,2021-03-15 19:27:39,1615811259.5585768,42.5
0,2021-03-15 19:27:43,1615811263.7624042,42.5
0,2021-03-15 19:27:47,1615811267.242759,42.5
0,2021-03-15 19:27:51,1615811271.1624,42.5
0,2021-03-15 19:27:55,1615811275.456355,42.5
0,2021-03-15 19:28:00,1615811280.755454,42.5
0,2021-03-15 19:28:05,1615811285.806268,42.5
0,2021-03-15 19:28:10,1615811290.149067,42.5
0,2021-03-15 19:28:15,1615811295.041325,40.9
0,2021-03-15 19:28:19,1615811299.393078,42.5
0,2021-03-15 19:28:23,1615811303.379512,40.9
0,2021-03-15 19:28:31,1615811311.430629,40.9
0,2021-03-15 19:28:35,1615811315.319594,40.9
0,2021-03-15 19:28:43,1615811323.825814,40.9
0,2021-03-15 19:28:53,1615811333.4164128,40.9
0,2021-03-15 19:28:57,1615811337.801826,40.9
0,2021-03-15 19:29:02,1615811342.5626922,40.9
0,2021-03-15 19:29:06,1615811346.1772742,40.9
0,2021-03-15 19:29:13,1615811353.0141928,40.9
0,2021-03-15 19:29:22,1615811362.414429,40.9
0,2021-03-15 19:29:27,1615811367.942024,39.5
0,2021-03-15 19:29:32,1615811372.523187,39.5
0,2021-03-15 19:29:40,1615811380.739743,39.5
0,2021-03-15 19:29:45,1615811385.9088798,39.5
0,2021-03-15 19:29:50,1615811390.2394,39.5
0,2021-03-15 19:29:54,1615811394.673079,39.5
0,2021-03-15 19:30:00,1615811400.7349372,39.5
0,2021-03-15 19:30:11,1615811411.478826,39.5
0,2021-03-15 19:30:23,1615811423.773195,39.5
0,2021-03-15 19:30:28,1615811428.1536121,38.7
0,2021-03-15 19:30:32,1615811432.534762,38.7
0,2021-03-15 19:30:37,1615811437.221856,38.7
0,2021-03-15 19:30:41,1615811441.8934221,38.7
0,2021-03-15 19:30:45,1615811445.96127,38.7
0,2021-03-15 19:30:52,1615811452.6875641,38.7
0,2021-03-15 19:30:57,1615811457.144931,38.7
0,2021-03-15 19:31:01,1615811461.6845582,38.7
0,2021-03-15 19:31:05,1615811465.955189,38.7
0,2021-03-15 19:31:09,1615811469.646133,38.7
0,2021-03-15 19:31:14,1615811474.3529558,38.7
0,2021-03-15 19:31:19,1615811479.5354722,38.7
0,2021-03-15 19:31:27,1615811487.082943,38.7
0,2021-03-15 19:31:39,1615811499.359264,37.5
0,2021-03-15 19:31:44,1615811504.114008,37.5
0,2021-03-15 19:31:53,1615811513.947695,37.5
0,2021-03-15 19:31:57,1615811517.331529,37.5
0,2021-03-15 19:32:04,1615811524.344809,37.5
0,2021-03-15 19:32:12,1615811532.929725,37.5
0,2021-03-15 19:32:17,1615811537.2046442,37.5
0,2021-03-15 19:32:25,1615811545.5667992,37.5
0,2021-03-15 19:32:28,1615811548.891053,37.2
0,2021-03-15 19:32:33,1615811553.4917178,37.2
0,2021-03-15 19:32:38,1615811558.108923,37.2
0,2021-03-15 19:32:41,1615811561.765953,37.2
0,2021-03-15 19:32:45,1615811565.548768,37.2
0,2021-03-15 19:32:50,1615811570.032384,37.2
0,2021-03-15 19:32:56,1615811576.357047,37.2
0,2021-03-15 19:33:01,1615811581.942066,37.2
0,2021-03-15 19:33:06,1615811586.398228,37.2
0,2021-03-15 19:33:11,1615811591.124174,37.2
0,2021-03-15 19:33:16,1615811596.38542,36.9
0,2021-03-15 19:33:24,1615811604.014872,37.2
0,2021-03-15 19:33:28,1615811608.03915,36.9
0,2021-03-15 19:33:32,1615811612.9365351,36.9
0,2021-03-15 19:33:37,1615811617.4375858,36.9
0,2021-03-15 19:33:43,1615811623.4379818,36.9
0,2021-03-15 19:33:47,1615811627.585857,36.9
0,2021-03-15 19:33:51,1615811631.1865659,36.9
0,2021-03-15 19:33:58,1615811638.483124,36.9
0,2021-03-15 19:34:03,1615811643.4994519,36.9
0,2021-03-15 19:34:09,1615811649.444921,36.9
0,2021-03-15 19:34:16,1615811656.002432,36.9
0,2021-03-15 19:34:20,1615811660.6835089,37.6
0,2021-03-15 19:34:25,1615811665.257196,36.9
0,2021-03-15 19:34:29,1615811669.791306,37.6
0,2021-03-15 19:34:34,1615811674.3503659,37.6
0,2021-03-15 19:34:39,1615811679.5177019,37.6
0,2021-03-15 19:34:44,1615811684.0312068,37.6
0,2021-03-15 19:34:51,1615811691.3353229,37.6
0,2021-03-15 19:34:58,1615811698.576152,37.6
0,2021-03-15 19:35:03,1615811703.200259,37.6
0,2021-03-15 19:35:08,1615811708.321144,37.6
0,2021-03-15 19:35:13,1615811713.1333172,37.9
0,2021-03-15 19:35:17,1615811717.08623,37.9
0,2021-03-15 19:35:21,1615811721.587167,37.9
0,2021-03-15 19:35:25,1615811725.9351711,37.9
0,2021-03-15 19:35:30,1615811730.545522,37.9
0,2021-03-15 19:35:35,1615811735.294386,37.9
0,2021-03-15 19:35:40,1615811740.120351,37.9
0,2021-03-15 19:35:45,1615811745.5946681,37.9
0,2021-03-15 19:35:54,1615811754.691063,37.9
0,2021-03-15 19:35:58,1615811758.5475578,37.9
0,2021-03-15 19:36:03,1615811763.4583192,37.9
0,2021-03-15 19:36:07,1615811767.630094,37.7
0,2021-03-15 19:36:11,1615811771.7582772,37.7
0,2021-03-15 19:36:22,1615811782.293041,37.9
0,2021-03-15 19:36:29,1615811789.324158,37.7
0,2021-03-15 19:36:37,1615811797.432086,37.7
0,2021-03-15 19:36:42,1615811802.2400908,37.7
0,2021-03-15 19:36:50,1615811810.6477609,37.7
0,2021-03-15 19:36:59,1615811819.476246,37.7
0,2021-03-15 19:37:04,1615811824.225783,37.7
0,2021-03-15 19:37:09,1615811829.087029,37.7
0,2021-03-15 19:37:13,1615811833.5398998,37.7
0,2021-03-15 19:37:19,1615811839.139039,37.7
0,2021-03-15 19:37:23,1615811843.466005,38.2
0,2021-03-15 19:37:27,1615811847.441456,38.2
0,2021-03-15 19:37:36,1615811856.102038,38.2
0,2021-03-15 19:37:40,1615811860.3566332,38.2
0,2021-03-15 19:37:44,1615811864.9089122,38.2
0,2021-03-15 19:37:49,1615811869.1855721,38.2
0,2021-03-15 19:37:54,1615811874.57423,38.2
0,2021-03-15 19:37:59,1615811879.5798888,38.2
0,2021-03-15 19:38:06,1615811886.981168,38.2
0,2021-03-15 19:38:11,1615811891.418567,38.2
0,2021-03-15 19:38:15,1615811895.851167,38.2
0,2021-03-15 19:38:19,1615811899.612891,38.2
0,2021-03-15 19:38:23,1615811903.956199,38.2
0,2021-03-15 19:38:28,1615811908.083957,38.7
0,2021-03-15 19:38:34,1615811914.255451,38.7
0,2021-03-15 19:38:43,1615811923.745635,38.7
0,2021-03-15 19:38:53,1615811933.912742,38.7
0,2021-03-15 19:38:59,1615811939.1448908,38.7
0,2021-03-15 19:39:03,1615811943.559801,38.7
0,2021-03-15 19:39:10,1615811950.5117528,38.7
0,2021-03-15 19:39:18,1615811958.295679,38.7
0,2021-03-15 19:39:22,1615811962.98595,38.7
0,2021-03-15 19:39:27,1615811967.586595,38.7
0,2021-03-15 19:39:31,1615811971.551052,38.7
0,2021-03-15 19:39:35,1615811975.100341,38.7
0,2021-03-15 19:39:39,1615811979.619809,38.7
0,2021-03-15 19:39:44,1615811984.349477,38.7
0,2021-03-15 19:39:49,1615811989.214634,38.7
0,2021-03-15 19:39:54,1615811994.6916008,38.7
0,2021-03-15 19:39:58,1615811998.400439,38.7
0,2021-03-15 19:40:10,1615812010.668215,37.9
0,2021-03-15 19:40:16,1615812016.428223,38.7
0,2021-03-15 19:40:21,1615812021.448736,38.7
0,2021-03-15 19:40:26,1615812026.464635,38.7
0,2021-03-15 19:40:30,1615812030.522804,38.7
0,2021-03-15 19:40:41,1615812041.7002099,37.9
0,2021-03-15 19:40:51,1615812051.711561,37.9
0,2021-03-15 19:40:56,1615812056.6242292,37.9
0,2021-03-15 19:41:01,1615812061.238668,37.9
0,2021-03-15 19:41:04,1615812064.960307,37.5
0,2021-03-15 19:41:09,1615812069.121879,37.5
0,2021-03-15 19:41:13,1615812073.134672,37.5
0,2021-03-15 19:41:17,1615812077.319574,37.5
0,2021-03-15 19:41:24,1615812084.326454,37.5
0,2021-03-15 19:41:29,1615812089.3146582,37.5
0,2021-03-15 19:41:34,1615812094.1547258,37.5
0,2021-03-15 19:41:38,1615812098.843803,37.5
0,2021-03-15 19:41:42,1615812102.840301,37.5
0,2021-03-15 19:41:51,1615812111.11204,37.5
0,2021-03-15 19:41:56,1615812116.634399,37.5
0,2021-03-15 19:42:01,1615812121.400542,37.5
0,2021-03-15 19:42:15,1615812135.725182,37.2
0,2021-03-15 19:42:20,1615812140.764755,37.2
0,2021-03-15 19:42:27,1615812147.703101,37.2
0,2021-03-15 19:42:31,1615812151.385196,37.2
0,2021-03-15 19:42:35,1615812155.3036559,37.2
0,2021-03-15 19:42:39,1615812159.587391,37.2
0,2021-03-15 19:42:44,1615812164.675282,37.2
0,2021-03-15 19:42:49,1615812169.958009,37.2
0,2021-03-15 19:42:57,1615812177.42819,37.2
0,2021-03-15 19:43:01,1615812181.867327,37.2
0,2021-03-15 19:43:09,1615812189.910007,37.2
0,2021-03-15 19:43:14,1615812194.109898,37.2
0,2021-03-15 19:43:18,1615812198.577528,37.0
0,2021-03-15 19:43:23,1615812203.5008261,37.0
0,2021-03-15 19:43:28,1615812208.2512598,37.0
0,2021-03-15 19:43:33,1615812213.538046,37.0
0,2021-03-15 19:43:40,1615812220.3474529,37.0
0,2021-03-15 19:43:53,1615812233.875628,37.0
0,2021-03-15 19:44:02,1615812242.0856462,37.0
0,2021-03-15 19:44:06,1615812246.706561,37.0
0,2021-03-15 19:44:17,1615812257.799725,37.0
0,2021-03-15 19:44:23,1615812263.314249,36.6
0,2021-03-15 19:44:28,1615812268.254102,36.6
0,2021-03-15 19:44:40,1615812280.52009,36.6
0,2021-03-15 19:44:44,1615812284.6933959,36.6
0,2021-03-15 19:44:49,1615812289.077183,36.6
0,2021-03-15 19:44:54,1615812294.661036,36.6
0,2021-03-15 19:44:59,1615812299.9035149,36.6
0,2021-03-15 19:45:04,1615812304.603752,36.6
0,2021-03-15 19:45:10,1615812310.393537,36.6
0,2021-03-15 19:45:14,1615812314.155207,36.6
0,2021-03-15 19:45:19,1615812319.5639071,36.6
0,2021-03-15 19:45:46,1615812346.137957,36.6
0,2021-03-15 19:45:50,1615812350.264271,36.6
0,2021-03-15 19:45:54,1615812354.489291,36.6
0,2021-03-15 19:45:59,1615812359.403442,36.6
0,2021-03-15 19:46:04,1615812364.44744,36.6
0,2021-03-15 19:46:13,1615812373.082973,36.6
0,2021-03-15 19:46:17,1615812377.595625,36.6
0,2021-03-15 19:46:23,1615812383.344448,36.6
0,2021-03-15 19:46:29,1615812389.068919,37.0
0,2021-03-15 19:46:35,1615812395.390972,37.0
0,2021-03-15 19:46:44,1615812404.4939,37.0
0,2021-03-15 19:46:49,1615812409.359016,37.0
0,2021-03-15 19:46:52,1615812412.635734,37.0
0,2021-03-15 19:46:56,1615812416.603712,37.0
0,2021-03-15 19:47:01,1615812421.422966,37.0
0,2021-03-15 19:47:06,1615812426.438213,37.0
0,2021-03-15 19:47:11,1615812431.1107671,37.4
0,2021-03-15 19:47:18,1615812438.546942,37.4
0,2021-03-15 19:47:22,1615812442.2195761,37.4
0,2021-03-15 19:47:26,1615812446.5016131,37.4
0,2021-03-15 19:47:31,1615812451.006021,37.4
0,2021-03-15 19:47:35,1615812455.487065,37.4
0,2021-03-15 19:47:42,1615812462.2092988,37.4
0,2021-03-15 19:47:46,1615812466.2875578,37.4
0,2021-03-15 19:47:51,1615812471.293122,37.4
0,2021-03-15 19:47:59,1615812479.350081,37.4
0,2021-03-15 19:48:04,1615812484.546706,37.4
0,2021-03-15 19:48:08,1615812488.8367639,37.4
0,2021-03-15 19:48:15,1615812495.2666502,37.4
0,2021-03-15 19:48:20,1615812500.57927,37.1
0,2021-03-15 19:48:25,1615812505.026001,37.1
0,2021-03-15 19:48:30,1615812510.9563909,37.1
0,2021-03-15 19:48:35,1615812515.94865,37.1
0,2021-03-15 19:48:40,1615812520.315878,37.1
0,2021-03-15 19:48:45,1615812525.757799,37.1
0,2021-03-15 19:48:50,1615812530.344308,37.1
0,2021-03-15 19:48:55,1615812535.209701,37.1
0,2021-03-15 19:49:02,1615812542.396851,37.1
0,2021-03-15 19:49:07,1615812547.961807,37.1
0,2021-03-15 19:49:12,1615812552.455621,37.3
0,2021-03-15 19:49:21,1615812561.3894908,37.3
0,2021-03-15 19:49:25,1615812565.8488379,37.3
0,2021-03-15 19:49:30,1615812570.228022,37.3
0,2021-03-15 19:49:33,1615812573.689182,37.3
0,2021-03-15 19:49:37,1615812577.177241,37.3
0,2021-03-15 19:49:45,1615812585.7911859,37.3
0,2021-03-15 19:49:50,1615812590.363853,37.3
0,2021-03-15 19:49:54,1615812594.946739,37.3
0,2021-03-15 19:49:59,1615812599.064595,37.3
0,2021-03-15 19:50:07,1615812607.5438578,37.3
0,2021-03-15 19:50:13,1615812613.309115,37.3
0,2021-03-15 19:50:18,1615812618.586472,38.0
0,2021-03-15 19:50:23,1615812623.624013,38.0
0,2021-03-15 19:50:27,1615812627.6254878,37.3
0,2021-03-15 19:50:34,1615812634.726325,38.0
0,2021-03-15 19:50:40,1615812640.514932,38.0
0,2021-03-15 19:50:44,1615812644.641428,38.0
0,2021-03-15 19:50:48,1615812648.8403351,38.0
0,2021-03-15 19:50:53,1615812653.0966349,38.0
0,2021-03-15 19:50:57,1615812657.411647,38.0
0,2021-03-15 19:51:08,1615812668.2946339,38.0
0,2021-03-15 19:51:18,1615812678.0653892,38.0
0,2021-03-15 19:51:24,1615812684.9749062,38.0
0,2021-03-15 19:51:29,1615812689.5426612,37.4
0,2021-03-15 19:51:37,1615812697.219189,37.4
0,2021-03-15 19:51:47,1615812707.5423412,37.4
0,2021-03-15 19:51:52,1615812712.106511,37.4
0,2021-03-15 19:51:59,1615812719.702697,37.4
0,2021-03-15 19:52:09,1615812729.23263,37.4
0,2021-03-15 19:52:13,1615812733.387753,37.4
0,2021-03-15 19:52:17,1615812737.695482,36.8
0,2021-03-15 19:52:23,1615812743.565239,37.4
0,2021-03-15 19:52:28,1615812748.21117,36.8
0,2021-03-15 19:52:35,1615812755.917547,36.8
0,2021-03-15 19:52:40,1615812760.156845,36.8
0,2021-03-15 19:52:43,1615812763.947465,36.8
0,2021-03-15 19:52:47,1615812767.922822,36.8
0,2021-03-15 19:52:54,1615812774.890208,36.8
0,2021-03-15 19:52:58,1615812778.7852852,36.8
0,2021-03-15 19:53:02,1615812782.88004,36.8
0,2021-03-15 19:53:07,1615812787.916285,36.7
0,2021-03-15 19:53:12,1615812792.483375,36.8
0,2021-03-15 19:53:20,1615812800.892867,36.7
0,2021-03-15 19:53:29,1615812809.503245,36.7
0,2021-03-15 19:53:36,1615812816.351994,36.7
0,2021-03-15 19:53:40,1615812820.5835562,36.7
0,2021-03-15 19:53:51,1615812831.017761,36.7
0,2021-03-15 19:53:57,1615812837.1113,36.7
0,2021-03-15 19:54:03,1615812843.676045,36.7
0,2021-03-15 19:54:07,1615812847.719826,36.7
0,2021-03-15 19:54:12,1615812852.431982,36.6
0,2021-03-15 19:54:16,1615812856.418168,36.6
0,2021-03-15 19:54:22,1615812862.642358,36.6
0,2021-03-15 19:54:28,1615812868.54334,36.7
0,2021-03-15 19:54:34,1615812874.884074,36.6
0,2021-03-15 19:54:37,1615812877.897603,36.6
0,2021-03-15 19:54:42,1615812882.202731,36.6
0,2021-03-15 19:54:46,1615812886.673034,36.6
0,2021-03-15 19:54:55,1615812895.277531,36.6
0,2021-03-15 19:55:07,1615812907.869403,36.6
0,2021-03-15 19:55:13,1615812913.374885,36.4
0,2021-03-15 19:55:18,1615812918.062759,36.6
0,2021-03-15 19:55:22,1615812922.52485,36.4
0,2021-03-15 19:55:27,1615812927.144682,36.6
0,2021-03-15 19:55:31,1615812931.613288,36.4
0,2021-03-15 19:55:36,1615812936.32573,36.4
0,2021-03-15 19:55:46,1615812946.206656,36.4
0,2021-03-15 19:55:50,1615812950.974484,36.4
0,2021-03-15 19:55:56,1615812956.163669,36.4
0,2021-03-15 19:56:00,1615812960.710492,36.4
0,2021-03-15 19:56:08,1615812968.4431748,36.4
0,2021-03-15 19:56:14,1615812974.634197,36.4
0,2021-03-15 19:56:17,1615812977.797974,36.4
0,2021-03-15 19:56:22,1615812982.62463,36.2
0,2021-03-15 19:56:27,1615812987.137416,36.2
0,2021-03-15 19:56:31,1615812991.59611,36.4
0,2021-03-15 19:56:41,1615813001.089319,36.2
0,2021-03-15 19:56:51,1615813011.631556,36.2
0,2021-03-15 19:56:57,1615813017.314198,36.2
0,2021-03-15 19:57:02,1615813022.1308942,36.2
0,2021-03-15 19:57:06,1615813026.9177651,36.2
0,2021-03-15 19:57:11,1615813031.51716,36.2
0,2021-03-15 19:57:17,1615813037.488914,35.7
0,2021-03-15 19:57:25,1615813045.394194,35.7
0,2021-03-15 19:57:30,1615813050.0501041,35.7
0,2021-03-15 19:57:37,1615813057.924582,35.7
0,2021-03-15 19:57:42,1615813062.619033,35.7
0,2021-03-15 19:57:49,1615813069.7793438,35.7
0,2021-03-15 19:57:54,1615813074.442664,35.7
0,2021-03-15 19:58:02,1615813082.8141088,35.7
0,2021-03-15 19:58:08,1615813088.758414,35.7
0,2021-03-15 19:58:13,1615813093.299166,35.7
0,2021-03-15 19:58:16,1615813096.888181,36.4
0,2021-03-15 19:58:21,1615813101.449597,36.4
0,2021-03-15 19:58:25,1615813105.752723,36.4
0,2021-03-15 19:58:29,1615813109.599604,36.4
0,2021-03-15 19:58:33,1615813113.673219,36.4
0,2021-03-15 19:58:37,1615813117.923702,36.4
0,2021-03-15 19:58:49,1615813129.55269,36.4
0,2021-03-15 19:59:08,1615813148.297976,36.4
0,2021-03-15 19:59:12,1615813152.35615,36.4
0,2021-03-15 19:59:20,1615813160.7136168,36.4
0,2021-03-15 19:59:29,1615813169.898085,36.0
0,2021-03-15 19:59:35,1615813175.059654,36.0
0,2021-03-15 19:59:39,1615813179.334527,36.0
0,2021-03-15 19:59:43,1615813183.912224,36.0
0,2021-03-15 19:59:49,1615813189.244085,36.0
0,2021-03-15 19:59:54,1615813194.223986,36.0
0,2021-03-15 20:00:02,1615813202.565407,36.0
0,2021-03-15 20:00:07,1615813207.381071,36.0
0,2021-03-15 20:00:12,1615813212.8616462,36.0
0,2021-03-15 20:00:17,1615813217.212547,36.0
0,2021-03-15 20:00:21,1615813221.695277,36.0
0,2021-03-15 20:00:26,1615813226.277371,35.7
0,2021-03-15 20:00:30,1615813230.692191,35.7
0,2021-03-15 20:00:38,1615813238.2297049,35.7
0,2021-03-15 20:00:44,1615813244.548394,35.7
0,2021-03-15 20:00:49,1615813249.487473,35.7
0,2021-03-15 20:00:54,1615813254.309428,35.7
0,2021-03-15 20:00:59,1615813259.087301,35.7
0,2021-03-15 20:01:05,1615813265.186753,35.7
0,2021-03-15 20:01:09,1615813269.309191,35.7
0,2021-03-15 20:01:13,1615813273.263019,35.7
0,2021-03-15 20:01:17,1615813277.9098759,35.7
0,2021-03-15 20:01:22,1615813282.680337,36.2
0,2021-03-15 20:01:30,1615813290.607896,36.2
0,2021-03-15 20:01:35,1615813295.689573,36.2
0,2021-03-15 20:01:42,1615813302.4992661,36.2
0,2021-03-15 20:01:47,1615813307.059417,36.2
0,2021-03-15 20:01:55,1615813315.3841019,36.2
0,2021-03-15 20:02:02,1615813322.431444,36.2
0,2021-03-15 20:02:11,1615813331.8899488,36.2
0,2021-03-15 20:02:17,1615813337.0679822,36.6
0,2021-03-15 20:02:24,1615813344.226819,36.6
0,2021-03-15 20:02:28,1615813348.2837079,36.6
0,2021-03-15 20:02:34,1615813354.05358,36.6
0,2021-03-15 20:02:43,1615813363.931274,36.6
0,2021-03-15 20:02:50,1615813370.2110841,36.6
0,2021-03-15 20:02:54,1615813374.9075022,36.6
0,2021-03-15 20:03:00,1615813380.322911,36.6
0,2021-03-15 20:03:05,1615813385.694219,36.6
0,2021-03-15 20:03:15,1615813395.4459379,36.1
0,2021-03-15 20:03:21,1615813401.6527271,36.1
0,2021-03-15 20:03:25,1615813405.711905,36.1
0,2021-03-15 20:03:32,1615813412.606109,36.1
0,2021-03-15 20:03:40,1615813420.3573718,36.1
0,2021-03-15 20:03:46,1615813426.225688,36.1
0,2021-03-15 20:03:50,1615813430.6939101,36.1
0,2021-03-15 20:03:55,1615813435.8190951,36.1
0,2021-03-15 20:03:59,1615813439.997442,36.1
0,2021-03-15 20:04:05,1615813445.098228,36.1
0,2021-03-15 20:04:10,1615813450.318101,36.1
0,2021-03-15 20:04:15,1615813455.1929972,36.1
0,2021-03-15 20:04:20,1615813460.161797,36.1
0,2021-03-15 20:04:26,1615813466.6163368,35.3
0,2021-03-15 20:04:33,1615813473.7438478,35.3
0,2021-03-15 20:04:38,1615813478.676613,35.3
0,2021-03-15 20:04:45,1615813485.825727,35.3
0,2021-03-15 20:04:49,1615813489.6520882,35.3
0,2021-03-15 20:04:53,1615813493.068442,35.3
0,2021-03-15 20:04:59,1615813499.935495,35.3
0,2021-03-15 20:05:04,1615813504.320009,35.3
0,2021-03-15 20:05:10,1615813510.430434,35.3
0,2021-03-15 20:05:14,1615813514.25523,35.3
0,2021-03-15 20:05:22,1615813522.714093,35.1
0,2021-03-15 20:05:32,1615813532.520992,35.1
0,2021-03-15 20:05:36,1615813536.473641,35.1
0,2021-03-15 20:05:41,1615813541.3404312,35.1
0,2021-03-15 20:05:49,1615813549.28157,35.1
0,2021-03-15 20:05:53,1615813553.023322,35.1
0,2021-03-15 20:06:00,1615813560.036103,35.1
0,2021-03-15 20:06:03,1615813563.522507,35.1
0,2021-03-15 20:06:06,1615813566.793164,35.1
0,2021-03-15 20:06:13,1615813573.177815,35.1
0,2021-03-15 20:06:17,1615813577.747801,35.1
0,2021-03-15 20:06:23,1615813583.300444,35.1
0,2021-03-15 20:09:08,1615813748.279358,35.4
0,2021-03-15 20:11:45,1615813905.145301,36.0
0,2021-03-15 20:14:22,1615814062.474508,36.5
0,2021-03-15 20:14:24,1615814064.9311008,36.9
0,2021-03-15 20:14:29,1615814069.388952,36.9
0,2021-03-15 20:14:33,1615814073.725315,36.9
0,2021-03-15 20:14:43,1615814083.1328142,36.9
0,2021-03-15 20:14:47,1615814087.165479,36.9
0,2021-03-15 20:14:50,1615814090.729561,36.9
0,2021-03-15 20:15:02,1615814102.2989178,36.9
0,2021-03-15 20:15:06,1615814106.590691,36.9
0,2021-03-15 20:15:10,1615814110.416319,36.9
0,2021-03-15 20:15:14,1615814114.645719,37.1
0,2021-03-15 20:15:24,1615814124.369241,37.1
0,2021-03-15 20:15:29,1615814129.1668758,37.1
0,2021-03-15 20:15:33,1615814133.165277,37.1
0,2021-03-15 20:15:37,1615814137.301279,37.1
0,2021-03-15 20:15:41,1615814141.776063,37.1
0,2021-03-15 20:15:45,1615814145.830046,37.1
0,2021-03-15 20:15:51,1615814151.104625,37.1
0,2021-03-15 20:15:55,1615814155.175762,37.1
0,2021-03-15 20:15:59,1615814159.065333,37.1
0,2021-03-15 20:16:03,1615814163.241966,37.1
0,2021-03-15 20:16:07,1615814167.4283159,37.1
0,2021-03-15 20:16:10,1615814170.666105,37.1
0,2021-03-15 20:16:16,1615814176.391066,37.1
0,2021-03-15 20:16:22,1615814182.0421078,36.4
0,2021-03-15 20:16:26,1615814186.851957,36.4
0,2021-03-15 20:16:35,1615814195.6993978,36.4
0,2021-03-15 20:16:39,1615814199.397836,36.4
0,2021-03-15 20:16:44,1615814204.853029,36.4
0,2021-03-15 20:16:50,1615814210.6792908,36.4
0,2021-03-15 20:16:56,1615814216.100915,36.4
0,2021-03-15 20:17:04,1615814224.945985,36.4
0,2021-03-15 20:17:09,1615814229.623306,36.4
0,2021-03-15 20:17:13,1615814233.9741812,36.4
0,2021-03-15 20:17:22,1615814242.662108,36.4
0,2021-03-15 20:17:27,1615814247.813357,36.0
0,2021-03-15 20:17:35,1615814255.019499,36.0
0,2021-03-15 20:17:45,1615814265.87511,36.0
0,2021-03-15 20:17:50,1615814270.6401658,36.0
0,2021-03-15 20:17:58,1615814278.308992,36.0
0,2021-03-15 20:18:02,1615814282.491134,36.0
0,2021-03-15 20:18:07,1615814287.295753,36.0
0,2021-03-15 20:18:12,1615814292.120759,36.0
0,2021-03-15 20:18:16,1615814296.4810162,36.0
0,2021-03-15 20:18:22,1615814302.0335062,36.0
0,2021-03-15 20:18:26,1615814306.1681979,35.7
0,2021-03-15 20:18:30,1615814310.589082,35.7
0,2021-03-15 20:18:35,1615814315.911631,35.7
0,2021-03-15 20:18:40,1615814320.668282,35.7
0,2021-03-15 20:18:53,1615814333.255626,35.7
0,2021-03-15 20:19:01,1615814341.5660632,35.7
0,2021-03-15 20:19:05,1615814345.976928,35.7
0,2021-03-15 20:19:10,1615814350.507282,35.7
0,2021-03-15 20:19:18,1615814358.497626,35.7
0,2021-03-15 20:19:23,1615814363.307853,35.7
0,2021-03-15 20:19:27,1615814367.458726,35.9
0,2021-03-15 20:19:32,1615814372.721666,35.9
0,2021-03-15 20:19:36,1615814376.952773,35.9
0,2021-03-15 20:19:41,1615814381.8351848,35.9
0,2021-03-15 20:19:45,1615814385.985739,35.9
0,2021-03-15 20:19:50,1615814390.6426759,35.9
0,2021-03-15 20:19:53,1615814393.776567,35.9
0,2021-03-15 20:20:02,1615814402.74536,35.9
0,2021-03-15 20:20:06,1615814406.7616389,35.8
0,2021-03-15 20:20:10,1615814410.639868,35.8
0,2021-03-15 20:20:15,1615814415.780137,35.8
0,2021-03-15 20:20:20,1615814420.499657,35.8
0,2021-03-15 20:20:32,1615814432.803017,35.8
0,2021-03-15 20:20:37,1615814437.708468,35.8
0,2021-03-15 20:20:42,1615814442.942867,35.8
0,2021-03-15 20:20:47,1615814447.970675,35.8
0,2021-03-15 20:20:53,1615814453.0724669,35.8
0,2021-03-15 20:20:58,1615814458.2549498,35.8
0,2021-03-15 20:21:01,1615814461.522184,35.8
0,2021-03-15 20:21:08,1615814468.528179,35.8
0,2021-03-15 20:21:16,1615814476.3936708,35.7
0,2021-03-15 20:21:21,1615814481.710825,35.7
0,2021-03-15 20:21:28,1615814488.118486,35.7
0,2021-03-15 20:21:33,1615814493.753053,35.7
0,2021-03-15 20:21:38,1615814498.262167,35.7
0,2021-03-15 20:21:42,1615814502.248867,35.7
0,2021-03-15 20:21:47,1615814507.50973,35.7
0,2021-03-15 20:21:51,1615814511.027924,35.7
0,2021-03-15 20:21:54,1615814514.6814349,35.7
0,2021-03-15 20:21:58,1615814518.4837341,35.7
0,2021-03-15 20:22:03,1615814523.4413571,35.7
0,2021-03-15 20:22:07,1615814527.6643991,35.7
0,2021-03-15 20:22:10,1615814530.428326,35.7
0,2021-03-15 20:22:15,1615814535.3592489,36.5
0,2021-03-15 20:22:19,1615814539.530678,36.5
0,2021-03-15 20:22:24,1615814544.182127,36.5
0,2021-03-15 20:22:34,1615814554.0890229,36.5
0,2021-03-15 20:22:39,1615814559.020976,36.5
0,2021-03-15 20:22:42,1615814562.955486,36.5
0,2021-03-15 20:22:51,1615814571.747505,36.5
0,2021-03-15 20:22:58,1615814578.0230799,36.5
0,2021-03-15 20:23:05,1615814585.668628,36.5
0,2021-03-15 20:23:10,1615814590.080787,36.5
0,2021-03-15 20:23:18,1615814598.5604491,36.5
0,2021-03-15 20:23:24,1615814604.9510021,36.5
0,2021-03-15 20:23:29,1615814609.36432,36.5
0,2021-03-15 20:23:33,1615814613.446014,36.5
0,2021-03-15 20:23:37,1615814617.430963,36.5
0,2021-03-15 20:23:47,1615814627.1487849,36.5
0,2021-03-15 20:23:57,1615814637.9026618,36.5
0,2021-03-15 20:24:11,1615814651.140862,36.5
0,2021-03-15 20:24:24,1615814664.985999,36.3
0,2021-03-15 20:24:32,1615814672.103029,36.5
0,2021-03-15 20:24:37,1615814677.155329,36.3
0,2021-03-15 20:24:41,1615814681.518529,36.3
0,2021-03-15 20:24:55,1615814695.771443,36.3
0,2021-03-15 20:25:00,1615814700.043272,36.3
0,2021-03-15 20:25:04,1615814704.189425,36.3
0,2021-03-15 20:25:08,1615814708.262399,36.3
0,2021-03-15 20:25:16,1615814716.526943,36.3
0,2021-03-15 20:25:22,1615814722.996574,36.6
0,2021-03-15 20:25:31,1615814731.854644,36.6
0,2021-03-15 20:25:37,1615814737.944576,36.6
0,2021-03-15 20:25:42,1615814742.627656,36.6
0,2021-03-15 20:25:53,1615814753.8812459,36.6
0,2021-03-15 20:25:59,1615814759.892298,36.6
0,2021-03-15 20:26:05,1615814765.450217,36.6
0,2021-03-15 20:26:10,1615814770.577044,36.6
0,2021-03-15 20:26:20,1615814780.413852,36.6
0,2021-03-15 20:26:26,1615814786.31486,36.6
0,2021-03-15 20:26:30,1615814790.4668689,37.0
0,2021-03-15 20:26:40,1615814800.62597,37.0
0,2021-03-15 20:26:45,1615814805.744938,37.0
0,2021-03-15 20:26:53,1615814813.228974,37.0
0,2021-03-15 20:26:56,1615814816.743665,37.0
0,2021-03-15 20:27:04,1615814824.994988,37.0
0,2021-03-15 20:27:20,1615814840.3721862,37.0
0,2021-03-15 20:27:26,1615814846.370019,37.0
0,2021-03-15 20:27:31,1615814851.3061209,37.1
0,2021-03-15 20:27:35,1615814855.764811,37.1
0,2021-03-15 20:27:42,1615814862.191371,37.1
0,2021-03-15 20:27:45,1615814865.884295,37.1
0,2021-03-15 20:27:50,1615814870.169079,37.1
0,2021-03-15 20:27:55,1615814875.0811431,37.1
0,2021-03-15 20:28:00,1615814880.106225,37.1
0,2021-03-15 20:28:04,1615814884.868497,37.1
